"Date","Price","Open","High","Low","Vol.","Change %"
"01/05/2024","28.70","28.27","29.81","26.62","","2.98%"
"30/04/2024","27.87","27.55","28.68","27.48","","0.11%"
"29/04/2024","27.84","28.46","28.73","27.31","","0.11%"
"26/04/2024","27.81","27.91","28.60","27.80","","-1.87%"
"25/04/2024","28.34","28.94","29.04","27.66","","-2.41%"
"24/04/2024","29.04","29.20","30.90","28.89","","0.62%"
"23/04/2024","28.86","29.70","30.01","26.79","","-2.83%"
"22/04/2024","29.70","30.54","30.74","29.53","","-6.78%"
"19/04/2024","31.86","32.22","32.47","31.20","","1.46%"
"18/04/2024","31.40","31.86","32.27","31.11","","-4.85%"
"17/04/2024","33.00","33.79","33.87","32.86","","-1.81%"
"16/04/2024","33.61","33.51","34.08","33.33","","-5.56%"
"15/04/2024","35.59","31.20","37.23","30.81","","10.56%"
"12/04/2024","32.19","34.92","34.92","31.75","","2.94%"
"11/04/2024","31.27","30.81","31.27","29.79","","3.96%"
"10/04/2024","30.08","28.33","31.27","27.64","","3.87%"
"09/04/2024","28.96","29.67","29.79","28.40","","-5.27%"
"08/04/2024","30.57","31.19","31.46","30.19","","-5.53%"
"05/04/2024","32.36","33.62","33.72","31.81","","0.59%"
"04/04/2024","32.17","27.49","35.09","27.49","","10.63%"
"03/04/2024","29.08","28.80","30.05","28.70","","0.14%"
"02/04/2024","29.04","27.66","29.28","26.43","","5.03%"
"01/04/2024","27.65","27.24","27.73","25.98","","5.25%"
"28/03/2024","26.27","26.53","26.55","25.86","","-1.24%"
"27/03/2024","26.60","26.43","26.66","26.05","","-2.39%"
"26/03/2024","27.25","27.51","27.75","27.03","","-0.87%"
"25/03/2024","27.49","27.23","27.76","27.16","","2.12%"
"22/03/2024","26.92","27.49","27.49","26.59","","-2.22%"
"21/03/2024","27.53","29.99","30.10","27.51","","-4.48%"
"20/03/2024","28.82","29.96","29.96","28.80","","-1.37%"
"19/03/2024","29.22","30.09","30.09","29.22","","-1.98%"
"18/03/2024","29.81","30.46","30.46","29.69","","0.13%"
"15/03/2024","29.77","31.99","33.20","29.58","","-5.52%"
"14/03/2024","31.51","31.92","33.39","26.89","","6.74%"
"13/03/2024","29.52","29.10","29.52","28.78","","0.54%"
"12/03/2024","29.36","30.46","30.46","28.48","","0.86%"
"11/03/2024","29.11","30.83","31.07","28.91","","-1.79%"
"08/03/2024","29.64","29.78","29.92","29.49","","0.24%"
"07/03/2024","29.57","30.42","30.42","29.31","","0.00%"
"06/03/2024","29.57","30.12","32.12","29.46","","-2.05%"
"05/03/2024","30.19","33.22","33.22","29.60","","-0.92%"
"04/03/2024","30.47","32.99","33.03","30.47","","-1.96%"
"01/03/2024","31.08","31.14","31.46","30.89","","-1.33%"
"29/02/2024","31.50","31.95","32.42","31.13","","0.93%"
"28/02/2024","31.21","31.32","33.18","30.84","","-0.45%"
"27/02/2024","31.35","31.94","31.98","31.25","","-1.14%"
"26/02/2024","31.71","32.55","32.55","31.59","","1.28%"
"23/02/2024","31.31","31.53","31.53","30.86","","2.49%"
"22/02/2024","30.55","31.45","31.45","30.51","","-1.61%"
"21/02/2024","31.05","33.83","33.83","30.87","","-2.39%"
"20/02/2024","31.81","32.38","32.78","31.71","","3.15%"
"16/02/2024","30.84","34.73","34.73","30.76","","-3.69%"
"15/02/2024","32.02","34.35","34.35","31.87","","-2.26%"
"14/02/2024","32.76","34.45","34.45","31.86","","1.20%"
"13/02/2024","32.37","34.93","34.93","32.18","","-0.98%"
"12/02/2024","32.69","35.01","35.01","32.56","","0.77%"
"09/02/2024","32.44","33.60","33.80","31.66","","2.53%"
"08/02/2024","31.64","33.28","33.28","30.65","","1.38%"
"07/02/2024","31.21","35.55","35.55","31.21","","-5.45%"
"06/02/2024","33.01","37.22","37.22","33.01","","-4.12%"
"05/02/2024","34.43","37.45","37.76","34.25","","-1.21%"
"02/02/2024","34.85","38.49","38.49","34.60","","-1.50%"
"01/02/2024","35.38","37.50","37.50","34.81","","-5.02%"
"31/01/2024","37.25","37.34","38.22","36.43","","2.93%"
"30/01/2024","36.19","38.93","38.93","35.96","","-0.36%"
"29/01/2024","36.32","37.38","37.43","36.08","","4.43%"
"26/01/2024","34.78","37.06","37.31","33.84","","-0.91%"
"25/01/2024","35.10","35.18","35.99","33.78","","3.27%"
"24/01/2024","33.99","35.59","35.59","33.92","","-2.86%"
"23/01/2024","34.99","37.21","37.21","34.62","","-2.02%"
"22/01/2024","35.71","36.78","36.78","34.77","","-0.22%"
"19/01/2024","35.79","36.33","36.33","34.58","","-0.53%"
"18/01/2024","35.98","39.74","39.87","35.53","","-2.91%"
"17/01/2024","37.06","39.70","39.70","36.92","","-3.34%"
"16/01/2024","38.34","41.06","41.06","36.71","","-5.66%"
"12/01/2024","40.64","40.38","40.93","36.37","","10.49%"
"11/01/2024","36.78","38.28","38.28","35.21","","1.18%"
"10/01/2024","36.35","38.01","38.01","35.54","","0.72%"
"09/01/2024","36.09","37.75","37.75","35.57","","-1.90%"
"08/01/2024","36.79","37.83","38.59","36.77","","2.00%"
"05/01/2024","36.07","38.43","39.54","36.04","","-4.02%"
"04/01/2024","37.58","38.80","39.23","37.42","","-1.67%"
"03/01/2024","38.22","39.85","39.96","37.99","","-2.13%"
"02/01/2024","39.05","38.81","39.10","37.21","","7.81%"
"29/12/2023","36.22","37.33","37.33","35.20","","-0.63%"
"28/12/2023","36.45","36.28","36.50","34.67","","2.94%"
"27/12/2023","35.41","37.37","37.37","34.66","","2.55%"
"26/12/2023","34.53","37.90","37.90","33.73","","3.63%"
"22/12/2023","33.32","37.14","37.14","32.84","","-5.98%"
"21/12/2023","35.44","43.59","43.62","34.84","","1.32%"
"20/12/2023","34.98","37.96","37.96","34.51","","-0.17%"
"19/12/2023","35.04","38.46","38.46","34.83","","-5.53%"
"18/12/2023","37.09","38.65","38.72","36.39","","5.58%"
"15/12/2023","35.13","40.28","40.28","34.93","","3.38%"
"14/12/2023","33.98","39.28","39.28","33.08","","-7.16%"
"13/12/2023","36.60","37.22","40.30","33.47","","0.60%"
"12/12/2023","36.38","38.66","38.69","35.98","","3.06%"
"11/12/2023","35.30","38.74","38.74","34.61","","-2.59%"
"08/12/2023","36.24","38.89","38.89","36.16","","-4.18%"
"07/12/2023","37.82","38.89","38.89","37.23","","-4.78%"
"06/12/2023","39.72","39.64","40.19","36.96","","9.24%"
"05/12/2023","36.36","39.01","39.08","36.09","","-4.52%"
"04/12/2023","38.08","37.91","39.95","37.18","","6.67%"
"01/12/2023","35.70","37.93","37.93","34.86","","-9.39%"
"30/11/2023","39.40","41.63","42.22","38.18","","-8.16%"
"29/11/2023","42.90","42.63","46.10","41.50","","-0.56%"
"28/11/2023","43.14","43.93","43.93","41.61","","-1.73%"
"27/11/2023","43.90","45.02","45.02","42.38","","1.20%"
"24/11/2023","43.38","44.07","44.07","41.48","","1.45%"
"22/11/2023","42.76","42.49","45.81","41.12","","11.01%"
"21/11/2023","38.52","40.39","40.39","38.26","","-1.23%"
"20/11/2023","39.00","41.55","41.55","38.69","","-3.54%"
"17/11/2023","40.43","42.37","42.40","39.81","","-4.94%"
"16/11/2023","42.53","40.77","43.03","39.92","","7.64%"
"15/11/2023","39.51","39.00","39.67","38.07","","3.19%"
"14/11/2023","38.29","43.59","43.59","38.02","","-2.82%"
"13/11/2023","39.40","41.31","41.31","39.00","","0.28%"
"10/11/2023","39.29","41.96","41.96","39.27","","-4.71%"
"09/11/2023","41.23","41.03","41.32","39.36","","1.95%"
"08/11/2023","40.44","38.78","41.00","38.33","","4.44%"
"07/11/2023","38.72","36.09","38.95","36.09","","6.64%"
"06/11/2023","36.31","39.93","39.93","35.92","","-5.76%"
"03/11/2023","38.53","39.74","40.72","38.13","","-3.17%"
"02/11/2023","39.79","37.80","39.85","37.80","","-1.80%"
"01/11/2023","40.52","40.27","41.89","39.99","","-3.50%"
"31/10/2023","41.99","41.51","43.64","41.38","","-4.59%"
"30/10/2023","44.01","45.33","45.54","43.41","","-5.64%"
"27/10/2023","46.64","43.77","46.68","41.50","","6.17%"
"26/10/2023","43.93","42.63","44.84","42.63","","-2.18%"
"25/10/2023","44.91","39.18","44.91","39.18","","9.32%"
"24/10/2023","41.08","38.69","41.62","38.59","","-1.58%"
"23/10/2023","41.74","44.11","44.11","40.20","","-4.68%"
"20/10/2023","43.79","48.57","48.57","43.57","","-4.18%"
"19/10/2023","45.70","43.55","45.80","41.54","","2.93%"
"18/10/2023","44.40","43.94","44.83","42.12","","7.32%"
"17/10/2023","41.37","40.69","41.76","40.30","","1.65%"
"16/10/2023","40.70","38.65","44.26","38.65","","-8.00%"
"13/10/2023","44.24","42.60","44.48","40.31","","14.85%"
"12/10/2023","38.52","38.68","38.88","37.50","","-1.08%"
"11/10/2023","38.94","37.92","40.10","37.92","","-1.52%"
"10/10/2023","39.54","41.87","42.09","38.66","","-0.78%"
"09/10/2023","39.85","37.19","39.85","37.06","","11.69%"
"06/10/2023","35.68","35.77","36.53","35.31","","-2.49%"
"05/10/2023","36.59","33.78","37.14","33.78","","3.51%"
"04/10/2023","35.35","32.92","35.78","32.92","","6.32%"
"03/10/2023","33.25","31.32","33.52","31.20","","3.91%"
"02/10/2023","32.00","31.04","33.83","31.04","","-0.74%"
"29/09/2023","32.24","32.26","32.58","30.59","","1.96%"
"28/09/2023","31.62","32.08","32.08","30.74","","-2.65%"
"27/09/2023","32.48","30.38","32.52","29.76","","3.77%"
"26/09/2023","31.30","30.38","32.42","29.70","","1.10%"
"25/09/2023","30.96","30.50","31.48","30.50","","1.14%"
"22/09/2023","30.61","32.31","32.31","30.07","","-2.36%"
"21/09/2023","31.35","30.02","31.95","29.74","","3.19%"
"20/09/2023","30.38","31.79","31.88","28.83","","0.20%"
"19/09/2023","30.32","27.31","30.57","26.61","","8.63%"
"18/09/2023","27.91","27.89","28.08","26.64","","2.76%"
"15/09/2023","27.16","25.97","27.57","25.48","","2.26%"
"14/09/2023","26.56","29.79","29.79","25.52","","5.99%"
"13/09/2023","25.06","23.58","26.43","23.58","","3.43%"
"12/09/2023","24.23","26.96","26.96","23.78","","-0.57%"
"11/09/2023","24.37","27.03","27.46","24.01","","-10.27%"
"08/09/2023","27.16","28.75","28.75","27.11","","-1.56%"
"07/09/2023","27.59","29.90","30.27","27.47","","-2.61%"
"06/09/2023","28.33","29.61","29.69","28.06","","-1.12%"
"05/09/2023","28.65","31.93","31.95","27.46","","4.26%"
"01/09/2023","27.48","26.93","27.58","26.06","","3.46%"
"31/08/2023","26.56","27.13","28.06","26.18","","-0.26%"
"30/08/2023","26.63","27.15","28.18","25.58","","-3.62%"
"29/08/2023","27.63","29.06","29.36","27.53","","-3.59%"
"28/08/2023","28.66","27.62","29.28","27.62","","-0.52%"
"25/08/2023","28.81","27.31","28.95","27.31","","-0.24%"
"24/08/2023","28.88","29.07","29.79","28.39","","1.44%"
"23/08/2023","28.47","29.19","30.81","28.08","","-0.32%"
"22/08/2023","28.56","29.27","29.37","28.12","","-1.18%"
"21/08/2023","28.90","29.70","29.93","28.75","","1.65%"
"18/08/2023","28.43","30.32","30.46","28.38","","-2.97%"
"17/08/2023","29.30","29.21","29.69","28.54","","2.66%"
"16/08/2023","28.54","29.59","29.78","27.55","","0.85%"
"15/08/2023","28.30","27.58","29.53","26.90","","2.72%"
"14/08/2023","27.55","28.14","28.51","26.70","","-1.75%"
"11/08/2023","28.04","27.81","28.23","27.09","","2.82%"
"10/08/2023","27.27","28.19","28.19","26.82","","-4.52%"
"09/08/2023","28.56","27.42","29.14","26.44","","5.23%"
"08/08/2023","27.14","28.76","29.39","27.10","","-2.13%"
"07/08/2023","27.73","28.34","28.66","27.30","","-1.18%"
"04/08/2023","28.06","27.51","28.72","27.51","","-1.68%"
"03/08/2023","28.54","28.85","29.19","28.26","","-0.70%"
"02/08/2023","28.74","27.27","29.58","27.27","","1.38%"
"01/08/2023","28.35","27.74","28.83","27.72","","-0.46%"
"31/07/2023","28.48","29.06","29.26","28.43","","-3.16%"
"28/07/2023","29.41","27.80","29.71","27.79","","1.00%"
"27/07/2023","29.12","28.62","30.24","28.52","","-2.84%"
"26/07/2023","29.97","29.89","31.92","29.89","","-2.15%"
"25/07/2023","30.63","30.93","32.31","30.41","","1.73%"
"24/07/2023","30.11","31.45","31.45","30.05","","1.55%"
"21/07/2023","29.65","31.21","31.40","29.48","","-1.66%"
"20/07/2023","30.15","31.67","31.77","30.00","","-2.93%"
"19/07/2023","31.06","30.80","31.84","29.90","","1.30%"
"18/07/2023","30.66","30.91","31.54","30.24","","-2.17%"
"17/07/2023","31.34","32.30","33.38","30.89","","4.47%"
"14/07/2023","30.00","30.03","30.48","29.39","","-0.13%"
"13/07/2023","30.04","32.16","32.30","29.71","","-8.11%"
"12/07/2023","32.69","34.68","34.84","32.66","","0.80%"
"11/07/2023","32.43","39.85","39.85","32.23","","-15.44%"
"10/07/2023","38.35","34.57","38.67","32.48","","11.00%"
"07/07/2023","34.55","34.69","37.55","31.79","","-1.65%"
"06/07/2023","35.13","34.11","36.26","32.91","","3.60%"
"05/07/2023","33.91","34.98","34.98","33.62","","0.09%"
"03/07/2023","33.88","35.18","35.18","32.92","","1.80%"
"30/06/2023","33.28","39.40","39.40","33.25","","-6.04%"
"29/06/2023","35.42","38.49","39.11","35.39","","-3.91%"
"28/06/2023","36.86","38.95","40.10","36.80","","-6.21%"
"27/06/2023","39.30","39.65","39.67","37.53","","7.17%"
"26/06/2023","36.67","38.69","38.69","36.56","","3.70%"
"23/06/2023","35.36","38.12","38.12","35.10","","1.23%"
"22/06/2023","34.93","36.86","37.45","34.43","","5.02%"
"21/06/2023","33.26","36.71","36.71","32.81","","-4.29%"
"20/06/2023","34.75","34.32","35.15","33.62","","5.33%"
"16/06/2023","32.99","35.17","35.17","31.74","","-0.24%"
"15/06/2023","33.07","37.64","37.64","32.08","","-1.75%"
"14/06/2023","33.66","32.14","38.30","32.14","","3.95%"
"13/06/2023","32.38","35.31","36.30","31.66","","-10.92%"
"12/06/2023","36.35","33.27","36.78","32.42","","7.86%"
"09/06/2023","33.70","34.04","34.76","33.16","","-4.21%"
"08/06/2023","35.18","36.83","36.83","33.92","","3.08%"
"07/06/2023","34.13","35.33","35.84","34.07","","-5.38%"
"06/06/2023","36.07","38.58","38.58","35.70","","-3.68%"
"05/06/2023","37.45","42.33","42.33","37.05","","-5.43%"
"02/06/2023","39.60","39.53","41.47","38.89","","-2.22%"
"01/06/2023","40.50","42.05","42.07","40.03","","-0.44%"
"31/05/2023","40.68","41.14","41.74","40.48","","2.52%"
"30/05/2023","39.68","39.67","40.02","39.00","","10.38%"
"26/05/2023","35.95","37.44","37.44","35.52","","-2.15%"
"25/05/2023","36.74","37.29","37.60","36.39","","2.45%"
"24/05/2023","35.86","35.42","36.17","35.01","","2.14%"
"23/05/2023","35.11","35.48","35.49","34.52","","-1.15%"
"22/05/2023","35.52","36.93","37.69","34.85","","-0.92%"
"19/05/2023","35.85","34.64","36.83","34.64","","-0.47%"
"18/05/2023","36.02","36.34","37.05","35.89","","-1.15%"
"17/05/2023","36.44","35.59","37.43","35.59","","1.28%"
"16/05/2023","35.98","37.75","37.75","35.28","","2.33%"
"15/05/2023","35.16","38.05","38.05","35.02","","-5.79%"
"12/05/2023","37.32","36.69","37.32","35.29","","4.42%"
"11/05/2023","35.74","34.40","36.15","34.40","","4.72%"
"10/05/2023","34.13","34.64","35.74","33.68","","-2.85%"
"09/05/2023","35.13","34.59","36.82","34.59","","-1.15%"
"08/05/2023","35.54","36.00","37.33","35.50","","-4.85%"
"05/05/2023","37.35","41.27","42.69","37.02","","-14.63%"
"04/05/2023","43.75","43.16","44.67","42.70","","1.20%"
"03/05/2023","43.23","42.10","44.44","41.28","","9.50%"
"02/05/2023","39.48","36.90","40.76","36.63","","9.85%"
"01/05/2023","35.94","37.12","37.26","35.86","","0.87%"
"28/04/2023","35.63","38.27","38.27","35.58","","-5.64%"
"27/04/2023","37.76","40.67","40.72","37.62","","-3.80%"
"26/04/2023","39.25","36.96","39.26","36.01","","7.12%"
"25/04/2023","36.64","33.85","36.69","33.76","","6.88%"
"24/04/2023","34.28","36.14","36.51","34.24","","-2.53%"
"21/04/2023","35.17","35.20","36.24","34.93","","-3.41%"
"20/04/2023","36.41","36.43","37.55","36.09","","5.72%"
"19/04/2023","34.44","36.17","36.33","34.14","","2.23%"
"18/04/2023","33.69","34.68","34.75","32.92","","2.31%"
"17/04/2023","32.93","34.85","34.86","32.52","","1.29%"
"14/04/2023","32.51","34.07","34.14","31.83","","-0.82%"
"13/04/2023","32.78","34.65","34.65","32.62","","-2.85%"
"12/04/2023","33.74","34.13","34.43","33.31","","-1.43%"
"11/04/2023","34.23","38.43","38.88","33.88","","-0.23%"
"10/04/2023","34.31","37.59","37.61","34.29","","-1.29%"
"06/04/2023","34.76","38.72","38.72","34.42","","-11.19%"
"05/04/2023","39.14","39.35","40.41","38.56","","-0.71%"
"04/04/2023","39.42","38.26","40.04","37.44","","-0.18%"
"03/04/2023","39.49","43.16","43.16","38.45","","-2.11%"
"31/03/2023","40.34","43.33","43.39","40.34","","-4.00%"
"30/03/2023","42.02","45.78","45.84","42.02","","-3.02%"
"29/03/2023","43.33","50.10","50.10","43.19","","-2.21%"
"28/03/2023","44.31","47.06","47.29","44.30","","-2.42%"
"27/03/2023","45.41","48.61","48.61","45.36","","-6.10%"
"25/03/2023","48.36","48.36","48.36","48.36","","0.00%"
"24/03/2023","48.36","53.47","53.49","48.28","","3.11%"
"23/03/2023","46.90","48.20","48.20","44.92","","-0.15%"
"22/03/2023","46.97","47.59","47.79","45.18","","-2.39%"
"21/03/2023","48.12","51.17","51.17","46.45","","-5.91%"
"20/03/2023","51.14","51.82","52.55","50.46","","-0.66%"
"17/03/2023","51.48","47.97","54.19","47.08","","5.82%"
"16/03/2023","48.65","49.02","54.12","48.39","","-2.27%"
"15/03/2023","49.78","54.15","57.89","45.39","","5.00%"
"14/03/2023","47.41","42.03","47.68","35.69","","24.34%"
"13/03/2023","38.13","39.29","46.28","34.33","","3.73%"
"10/03/2023","36.76","36.14","36.98","35.42","","5.45%"
"09/03/2023","34.86","32.81","34.92","31.96","","4.40%"
"08/03/2023","33.39","33.82","34.54","33.35","","-1.10%"
"07/03/2023","33.76","32.83","33.82","32.25","","2.21%"
"06/03/2023","33.03","35.92","36.56","33.01","","-6.16%"
"03/03/2023","35.20","37.21","38.51","35.19","","-1.15%"
"02/03/2023","35.61","37.25","39.17","35.59","","-2.78%"
"01/03/2023","36.63","36.58","37.95","36.34","","3.42%"
"28/02/2023","35.42","38.15","38.36","35.38","","-5.67%"
"27/02/2023","37.55","39.70","39.70","37.45","","0.81%"
"24/02/2023","37.25","37.63","38.62","36.99","","1.53%"
"23/02/2023","36.69","39.40","39.51","36.67","","-4.35%"
"22/02/2023","38.36","37.56","38.62","37.41","","3.54%"
"21/02/2023","37.05","37.88","38.05","36.92","","2.80%"
"17/02/2023","36.04","36.08","38.58","35.95","","2.88%"
"16/02/2023","35.03","36.43","36.49","34.68","","-1.88%"
"15/02/2023","35.70","37.40","38.19","35.42","","-2.65%"
"14/02/2023","36.67","39.15","39.18","36.54","","-2.91%"
"13/02/2023","37.77","36.06","37.82","35.21","","5.24%"
"10/02/2023","35.89","35.81","36.18","34.97","","0.39%"
"09/02/2023","35.75","35.24","36.77","35.06","","-3.43%"
"08/02/2023","37.02","36.31","37.10","35.79","","-0.78%"
"07/02/2023","37.31","38.95","39.72","37.22","","-4.14%"
"06/02/2023","38.92","39.81","40.10","38.87","","-1.42%"
"03/02/2023","39.48","39.37","40.11","37.54","","2.57%"
"02/02/2023","38.49","39.07","39.18","38.01","","1.32%"
"01/02/2023","37.99","37.53","39.16","37.18","","-1.45%"
"31/01/2023","38.55","40.36","40.99","38.55","","-4.06%"
"30/01/2023","40.18","39.76","40.81","39.76","","4.09%"
"27/01/2023","38.60","38.89","38.92","36.90","","1.26%"
"26/01/2023","38.12","38.96","39.01","37.61","","-1.09%"
"25/01/2023","38.54","39.88","39.92","38.26","","0.73%"
"24/01/2023","38.26","38.33","38.80","37.50","","2.57%"
"23/01/2023","37.30","40.50","40.50","37.08","","-1.35%"
"20/01/2023","37.81","40.56","40.56","37.53","","-3.10%"
"19/01/2023","39.02","41.83","41.83","38.90","","-0.59%"
"18/01/2023","39.25","40.45","40.52","38.59","","-2.12%"
"17/01/2023","40.10","40.13","40.79","39.09","","5.00%"
"13/01/2023","38.19","38.85","39.11","37.48","","-2.77%"
"12/01/2023","39.28","40.60","40.65","39.13","","-4.64%"
"11/01/2023","41.19","41.38","42.22","40.79","","-0.99%"
"10/01/2023","41.60","42.39","42.39","41.39","","-2.69%"
"09/01/2023","42.75","43.97","45.17","42.25","","-0.44%"
"06/01/2023","42.94","44.76","45.52","42.75","","-2.25%"
"05/01/2023","43.93","46.88","46.88","43.68","","-4.15%"
"04/01/2023","45.83","46.19","46.19","44.50","","3.83%"
"03/01/2023","44.14","42.74","44.73","42.74","","6.98%"
"30/12/2022","41.26","42.83","43.39","41.20","","-3.15%"
"29/12/2022","42.60","44.04","45.50","42.03","","-3.07%"
"28/12/2022","43.95","42.58","44.78","42.58","","1.03%"
"27/12/2022","43.50","44.70","44.90","42.90","","5.56%"
"23/12/2022","41.21","43.87","43.91","41.10","","-1.41%"
"22/12/2022","41.80","42.39","42.57","41.17","","1.51%"
"21/12/2022","41.18","43.15","43.90","41.00","","-1.46%"
"20/12/2022","41.79","43.83","44.04","41.33","","-1.60%"
"19/12/2022","42.47","44.86","45.55","42.34","","0.43%"
"16/12/2022","42.29","44.72","45.29","42.02","","-3.23%"
"15/12/2022","43.70","44.80","45.02","43.44","","4.50%"
"14/12/2022","41.82","43.02","43.73","41.44","","-3.57%"
"13/12/2022","43.37","44.85","45.43","42.53","","-3.60%"
"12/12/2022","44.99","45.66","46.43","44.58","","-4.13%"
"09/12/2022","46.93","47.13","47.72","46.16","","-0.51%"
"08/12/2022","47.17","46.46","48.01","45.92","","-1.54%"
"07/12/2022","47.91","45.91","48.25","45.41","","3.34%"
"06/12/2022","46.36","45.85","47.30","44.29","","2.09%"
"05/12/2022","45.41","47.34","47.64","44.71","","-0.76%"
"02/12/2022","45.76","46.00","46.16","45.15","","0.33%"
"01/12/2022","45.61","50.03","50.03","45.17","","-1.17%"
"30/11/2022","46.15","49.87","49.87","46.03","","-3.67%"
"29/11/2022","47.91","49.81","49.94","47.56","","-5.19%"
"28/11/2022","50.53","53.39","53.44","50.08","","0.74%"
"25/11/2022","50.16","51.87","52.81","49.70","","-2.72%"
"24/11/2022","51.56","51.56","51.56","51.56","","0.00%"
"23/11/2022","51.56","47.89","51.56","47.32","","11.36%"
"22/11/2022","46.30","46.78","46.91","45.54","","-1.72%"
"21/11/2022","47.11","47.56","54.81","47.10","","2.57%"
"20/11/2022","45.93","45.93","45.93","45.93","","0.00%"
"19/11/2022","45.93","45.93","45.93","45.93","","0.00%"
"18/11/2022","45.93","46.44","47.71","45.63","","1.30%"
"17/11/2022","45.34","45.77","46.26","44.60","","0.49%"
"16/11/2022","45.12","46.87","46.87","44.82","","-3.42%"
"15/11/2022","46.72","47.52","47.53","44.38","","5.18%"
"14/11/2022","44.42","45.43","45.43","42.25","","5.61%"
"11/11/2022","42.06","44.47","44.81","41.74","","-3.27%"
"10/11/2022","43.48","46.46","46.70","43.19","","-4.19%"
"09/11/2022","45.38","45.91","45.91","44.20","","0.75%"
"08/11/2022","45.04","45.76","46.41","43.94","","-0.16%"
"07/11/2022","45.11","45.88","48.26","45.07","","-5.03%"
"04/11/2022","47.50","46.77","47.63","45.92","","2.22%"
"03/11/2022","46.47","47.83","48.10","46.47","","-2.68%"
"02/11/2022","47.75","47.10","50.93","47.03","","1.51%"
"01/11/2022","47.04","47.79","48.18","46.18","","-0.78%"
"31/10/2022","47.41","49.62","49.77","47.29","","-0.84%"
"28/10/2022","47.81","48.92","51.99","47.62","","-2.47%"
"27/10/2022","49.02","48.05","51.12","47.79","","0.91%"
"26/10/2022","48.58","47.08","48.64","46.58","","2.71%"
"25/10/2022","47.30","47.16","47.77","46.59","","-1.00%"
"24/10/2022","47.78","47.65","51.02","47.45","","1.25%"
"21/10/2022","47.19","50.45","50.45","46.47","","-1.65%"
"20/10/2022","47.98","50.43","51.16","47.94","","0.42%"
"19/10/2022","47.78","52.25","52.25","47.48","","-2.73%"
"18/10/2022","49.12","53.62","53.63","48.66","","-2.29%"
"17/10/2022","50.27","56.51","56.55","49.76","","-0.06%"
"14/10/2022","50.30","53.83","53.94","50.16","","-0.44%"
"13/10/2022","50.52","59.41","59.47","49.59","","-1.94%"
"12/10/2022","51.52","53.67","55.11","50.44","","-0.77%"
"11/10/2022","51.92","54.56","54.62","51.01","","0.97%"
"10/10/2022","51.42","50.79","54.66","50.73","","-4.14%"
"07/10/2022","53.64","54.42","56.27","53.54","","0.47%"
"06/10/2022","53.39","56.38","56.42","53.13","","-1.49%"
"05/10/2022","54.20","58.51","58.59","53.99","","-8.92%"
"04/10/2022","59.51","58.50","59.52","55.08","","5.81%"
"03/10/2022","56.24","60.48","60.48","55.36","","0.99%"
"30/09/2022","55.69","56.34","56.56","54.64","","2.35%"
"29/09/2022","54.41","55.52","55.84","54.14","","-1.11%"
"28/09/2022","55.02","56.42","56.78","54.84","","-1.56%"
"27/09/2022","55.89","56.47","56.61","55.49","","-1.39%"
"26/09/2022","56.68","53.37","56.73","52.87","","11.53%"
"23/09/2022","50.82","49.86","51.12","49.57","","7.90%"
"22/09/2022","47.10","48.73","48.77","47.00","","-3.19%"
"21/09/2022","48.65","49.20","49.69","48.00","","0.87%"
"20/09/2022","48.23","46.89","49.30","45.64","","3.17%"
"19/09/2022","46.75","48.22","49.28","46.26","","-1.45%"
"16/09/2022","47.44","45.71","49.02","45.59","","1.74%"
"15/09/2022","46.63","48.77","50.16","40.67","","2.21%"
"14/09/2022","45.62","43.22","46.19","42.74","","1.81%"
"13/09/2022","44.81","43.72","46.54","39.33","","1.49%"
"12/09/2022","44.15","41.70","44.91","41.39","","-9.60%"
"09/09/2022","48.84","51.38","51.38","48.65","","-4.78%"
"08/09/2022","51.29","52.20","52.70","50.70","","-3.81%"
"07/09/2022","53.32","51.92","53.72","51.63","","6.64%"
"06/09/2022","50.00","55.69","55.69","49.54","","-7.24%"
"02/09/2022","53.90","54.55","54.59","52.85","","0.00%"
"01/09/2022","53.90","53.16","53.98","52.71","","3.44%"
"31/08/2022","52.11","52.00","52.69","51.06","","4.76%"
"30/08/2022","49.74","51.45","51.45","48.73","","4.21%"
"29/08/2022","47.73","45.10","52.97","44.94","","1.38%"
"26/08/2022","47.08","48.62","49.27","46.69","","-3.49%"
"25/08/2022","48.78","50.96","51.08","47.25","","0.93%"
"24/08/2022","48.33","51.86","51.86","47.17","","2.07%"
"23/08/2022","47.35","53.89","54.21","46.99","","-6.50%"
"22/08/2022","50.64","53.67","55.13","50.51","","0.60%"
"19/08/2022","50.34","52.53","52.53","48.72","","6.18%"
"18/08/2022","47.41","51.68","51.68","47.36","","-8.03%"
"17/08/2022","51.55","52.32","56.53","50.49","","2.59%"
"16/08/2022","50.25","51.20","51.70","48.23","","7.76%"
"15/08/2022","46.63","57.57","57.57","44.99","","5.98%"
"12/08/2022","44.00","44.83","45.21","43.32","","-3.02%"
"11/08/2022","45.37","46.51","46.94","44.47","","-2.56%"
"10/08/2022","46.56","46.36","48.17","46.27","","0.71%"
"09/08/2022","46.23","50.32","50.60","46.12","","-0.37%"
"08/08/2022","46.40","50.54","50.54","46.40","","-4.84%"
"05/08/2022","48.76","53.98","53.98","48.47","","-11.57%"
"04/08/2022","55.14","52.88","55.32","51.06","","10.02%"
"03/08/2022","50.12","52.69","54.02","49.69","","-5.02%"
"02/08/2022","52.77","53.51","55.65","52.07","","5.60%"
"01/08/2022","49.97","50.69","51.50","49.85","","8.18%"
"29/07/2022","46.19","46.59","47.44","45.37","","-2.08%"
"28/07/2022","47.17","47.76","52.74","46.82","","-3.72%"
"27/07/2022","48.99","47.15","52.90","46.96","","2.47%"
"26/07/2022","47.81","46.92","48.31","46.92","","-0.31%"
"25/07/2022","47.96","48.88","48.88","46.96","","0.25%"
"22/07/2022","47.84","49.14","49.14","47.27","","-6.38%"
"21/07/2022","51.10","51.80","52.96","50.80","","7.49%"
"20/07/2022","47.54","48.27","49.08","47.43","","-2.52%"
"19/07/2022","48.77","49.33","49.55","48.21","","-1.79%"
"18/07/2022","49.66","50.34","50.60","48.81","","-4.08%"
"15/07/2022","51.77","53.81","54.05","51.16","","-2.38%"
"14/07/2022","53.03","52.32","55.70","52.12","","2.45%"
"13/07/2022","51.76","53.14","54.52","51.50","","-4.85%"
"12/07/2022","54.40","52.97","54.49","50.92","","2.45%"
"11/07/2022","53.10","53.43","55.86","52.23","","1.92%"
"08/07/2022","52.10","53.74","54.04","51.64","","-1.46%"
"07/07/2022","52.87","53.60","55.40","52.79","","-3.29%"
"06/07/2022","54.67","52.87","55.22","52.62","","3.92%"
"05/07/2022","52.61","54.91","56.46","52.61","","6.50%"
"04/07/2022","49.40","49.40","49.40","49.40","","0.00%"
"01/07/2022","49.40","51.25","51.31","48.84","","1.02%"
"30/06/2022","48.90","50.82","50.82","48.58","","0.68%"
"29/06/2022","48.57","49.34","49.34","47.19","","4.25%"
"28/06/2022","46.59","50.52","50.60","46.33","","-0.85%"
"27/06/2022","46.99","52.19","52.19","46.76","","0.00%"
"24/06/2022","46.99","53.54","53.54","46.64","","-3.27%"
"23/06/2022","48.58","54.02","54.09","48.06","","-0.84%"
"22/06/2022","48.99","54.52","55.81","47.28","","5.22%"
"21/06/2022","46.56","53.46","53.49","46.56","","-5.35%"
"17/06/2022","49.19","55.31","55.31","44.57","","6.31%"
"16/06/2022","46.27","53.11","53.11","45.90","","-1.64%"
"15/06/2022","47.04","55.60","55.60","45.52","","0.88%"
"14/06/2022","46.63","50.88","50.97","46.63","","-1.96%"
"13/06/2022","47.56","56.33","56.33","46.61","","10.81%"
"10/06/2022","42.92","49.47","49.54","42.84","","-2.17%"
"09/06/2022","43.87","47.50","47.50","43.02","","-1.13%"
"08/06/2022","44.37","49.48","49.55","44.37","","-3.29%"
"07/06/2022","45.88","51.30","51.47","45.67","","-4.22%"
"06/06/2022","47.90","51.30","51.51","47.90","","3.61%"
"03/06/2022","46.23","47.80","50.50","45.60","","-3.28%"
"02/06/2022","47.80","49.14","51.38","46.57","","-2.73%"
"01/06/2022","49.14","49.82","51.69","48.82","","-1.36%"
"31/05/2022","49.82","51.77","51.94","47.66","","3.96%"
"27/05/2022","47.92","46.03","50.22","46.03","","4.11%"
"26/05/2022","46.03","46.76","48.25","45.28","","-1.56%"
"25/05/2022","46.76","47.04","50.25","46.29","","-0.60%"
"24/05/2022","47.04","48.63","50.66","42.78","","-3.27%"
"23/05/2022","48.63","53.52","53.57","48.33","","-4.12%"
"20/05/2022","50.72","51.16","51.88","50.01","","-0.86%"
"19/05/2022","51.16","51.89","54.75","50.39","","-1.41%"
"18/05/2022","51.89","50.34","52.48","50.34","","3.08%"
"17/05/2022","50.34","51.89","54.71","49.85","","-2.99%"
"16/05/2022","51.89","55.96","56.49","51.22","","1.31%"
"13/05/2022","51.22","52.71","53.88","51.09","","-2.83%"
"12/05/2022","52.71","53.43","55.48","52.20","","-1.35%"
"11/05/2022","53.43","56.06","57.41","51.96","","-4.69%"
"10/05/2022","56.06","57.90","58.64","55.92","","-3.18%"
"09/05/2022","57.90","57.92","58.58","55.93","","5.62%"
"06/05/2022","54.82","54.72","57.33","54.72","","0.18%"
"05/05/2022","54.72","53.15","55.17","50.57","","2.95%"
"04/05/2022","53.15","54.04","56.90","52.51","","-1.65%"
"03/05/2022","54.04","54.15","56.31","53.84","","-0.20%"
"02/05/2022","54.15","56.98","57.07","53.13","","1.98%"
"29/04/2022","53.10","51.94","54.72","51.71","","2.23%"
"28/04/2022","51.94","53.38","54.79","50.91","","-2.70%"
"27/04/2022","53.38","53.57","57.00","52.57","","-0.35%"
"26/04/2022","53.57","52.86","54.13","47.71","","1.34%"
"25/04/2022","52.86","56.00","56.05","52.69","","3.34%"
"22/04/2022","51.15","49.86","51.26","49.86","","2.59%"
"21/04/2022","49.86","52.23","52.23","48.99","","-4.54%"
"20/04/2022","52.23","50.34","54.02","50.34","","3.75%"
"19/04/2022","50.34","50.94","53.13","49.67","","-1.18%"
"18/04/2022","50.94","55.20","56.23","50.68","","-4.57%"
"14/04/2022","53.38","51.20","54.53","49.24","","4.26%"
"13/04/2022","51.20","55.25","57.38","50.81","","-7.33%"
"12/04/2022","55.25","54.81","57.20","54.55","","0.80%"
"11/04/2022","54.81","57.38","57.56","52.96","","3.14%"
"08/04/2022","53.14","54.23","55.54","52.73","","-2.01%"
"07/04/2022","54.23","53.15","56.17","52.24","","2.03%"
"06/04/2022","53.15","53.80","55.64","51.96","","-1.21%"
"05/04/2022","53.80","54.31","56.59","51.85","","-0.94%"
"04/04/2022","54.31","56.29","56.74","53.72","","-0.09%"
"01/04/2022","54.36","57.66","57.71","53.58","","-5.72%"
"31/03/2022","57.66","61.04","62.43","56.23","","-5.54%"
"30/03/2022","61.04","62.46","64.55","60.88","","-2.27%"
"29/03/2022","62.46","67.04","67.04","62.31","","-6.83%"
"28/03/2022","67.04","70.73","70.73","66.71","","-2.71%"
"25/03/2022","68.91","69.14","70.89","68.24","","-0.33%"
"24/03/2022","69.14","72.59","72.80","68.84","","-4.75%"
"23/03/2022","72.59","69.56","72.85","69.56","","4.36%"
"22/03/2022","69.56","70.78","72.20","68.11","","-1.72%"
"21/03/2022","70.78","71.81","72.00","68.91","","2.45%"
"18/03/2022","69.09","67.78","69.49","67.33","","1.93%"
"17/03/2022","67.78","59.35","69.54","59.35","","14.20%"
"16/03/2022","59.35","63.62","64.53","57.82","","-6.71%"
"15/03/2022","63.62","65.42","65.42","62.40","","-2.75%"
"14/03/2022","65.42","68.57","68.57","62.58","","-3.81%"
"11/03/2022","68.01","67.34","68.72","61.01","","0.99%"
"10/03/2022","67.34","73.25","74.14","66.76","","-8.07%"
"09/03/2022","73.25","75.82","75.82","65.55","","-3.39%"
"08/03/2022","75.82","78.91","86.67","75.20","","-3.92%"
"07/03/2022","78.91","77.29","82.14","77.29","","2.10%"
"04/03/2022","77.29","64.37","78.79","64.37","","20.07%"
"03/03/2022","64.37","61.53","64.37","61.53","","4.62%"
"02/03/2022","61.53","61.43","67.38","57.74","","0.16%"
"01/03/2022","61.43","52.50","63.93","52.50","","17.01%"
"28/02/2022","52.50","49.73","61.52","47.32","","6.06%"
"25/02/2022","49.50","49.04","52.91","44.45","","0.94%"
"24/02/2022","49.04","50.51","56.05","48.99","","-2.91%"
"23/02/2022","50.51","50.11","52.52","48.84","","0.80%"
"22/02/2022","50.11","53.39","54.02","47.20","","-3.65%"
"18/02/2022","52.01","53.14","54.93","48.68","","-2.13%"
"17/02/2022","53.14","49.38","58.35","48.12","","7.61%"
"16/02/2022","49.38","48.36","50.98","45.47","","2.11%"
"15/02/2022","48.36","48.83","50.97","47.27","","-0.96%"
"14/02/2022","48.83","50.67","52.95","46.11","","2.93%"
"11/02/2022","47.44","43.81","50.53","37.79","","8.29%"
"10/02/2022","43.81","39.40","46.43","36.46","","11.19%"
"09/02/2022","39.40","41.26","45.47","33.33","","-4.51%"
"08/02/2022","41.26","43.34","47.52","37.57","","-4.80%"
"07/02/2022","43.34","47.17","47.18","42.02","","-1.23%"
"04/02/2022","43.88","42.15","47.35","40.51","","4.10%"
"03/02/2022","42.15","41.86","47.06","37.37","","0.69%"
"02/02/2022","41.86","41.31","58.40","41.31","","1.33%"
"01/02/2022","41.31","42.35","50.36","39.60","","-2.46%"
"31/01/2022","42.35","47.74","50.04","42.08","","-11.29%"
"28/01/2022","47.74","46.90","48.60","41.07","","1.79%"
"27/01/2022","46.90","45.67","51.50","41.63","","2.69%"
"26/01/2022","45.67","47.63","59.17","42.55","","-4.12%"
"25/01/2022","47.63","47.84","53.07","45.60","","-0.44%"
"24/01/2022","47.84","50.82","53.37","43.52","","12.38%"
"21/01/2022","42.57","41.15","52.13","38.31","","3.45%"
"20/01/2022","41.15","42.75","46.84","36.31","","-3.74%"
"19/01/2022","42.75","42.28","48.33","38.80","","1.11%"
"18/01/2022","42.28","47.82","51.16","38.93","","2.67%"
"14/01/2022","41.18","37.11","43.47","37.11","","10.97%"
"13/01/2022","37.11","34.39","43.85","33.53","","7.91%"
"12/01/2022","34.39","34.31","39.49","31.77","","0.23%"
"11/01/2022","34.31","37.65","41.23","33.79","","-8.87%"
"10/01/2022","37.65","42.67","42.67","36.70","","1.76%"
"07/01/2022","37.00","36.86","37.68","33.63","","0.38%"
"06/01/2022","36.86","44.49","44.49","34.76","","-17.15%"
"05/01/2022","44.49","39.48","46.95","33.54","","12.69%"
"04/01/2022","39.48","37.57","43.13","33.75","","5.08%"
"03/01/2022","37.57","42.62","44.56","36.50","","-11.85%"
"31/12/2021","42.62","40.20","45.69","40.20","","6.02%"
"30/12/2021","40.20","40.24","44.82","39.84","","-0.10%"
"29/12/2021","40.24","41.23","44.55","40.07","","-2.40%"
"28/12/2021","41.23","43.58","46.92","36.29","","-5.39%"
"27/12/2021","43.58","50.85","52.52","43.58","","-0.30%"
"24/12/2021","43.71","43.71","43.71","43.71","","0.00%"
"23/12/2021","43.71","46.00","49.00","42.55","","-4.98%"
"22/12/2021","46.00","52.31","70.41","44.96","","-12.06%"
"21/12/2021","52.31","60.24","61.99","48.89","","-13.16%"
"20/12/2021","60.24","60.04","65.80","49.87","","24.69%"
"17/12/2021","48.31","49.97","59.94","44.56","","-3.32%"
"16/12/2021","49.97","56.53","64.18","44.87","","-11.60%"
"15/12/2021","56.53","54.76","67.21","47.22","","3.23%"
"14/12/2021","54.76","45.88","61.31","45.88","","19.35%"
"13/12/2021","45.88","53.30","61.12","44.69","","-0.76%"
"10/12/2021","46.23","47.43","53.87","39.94","","-2.53%"
"09/12/2021","47.43","45.22","53.55","43.61","","4.89%"
"08/12/2021","45.22","48.15","54.41","43.69","","-6.09%"
"07/12/2021","48.15","56.21","56.21","47.12","","-14.34%"
"06/12/2021","56.21","65.42","68.28","54.38","","-12.92%"
"03/12/2021","64.55","57.27","66.76","50.35","","12.71%"
"02/12/2021","57.27","78.18","102.01","57.27","","-26.75%"
"01/12/2021","78.18","75.23","80.50","68.86","","3.92%"
"30/11/2021","75.23","63.34","93.73","58.66","","18.77%"
"29/11/2021","63.34","57.40","63.47","52.04","","-3.62%"
"26/11/2021","65.72","34.79","76.76","34.79","","88.90%"
"24/11/2021","34.79","35.10","37.83","29.74","","-0.88%"
"23/11/2021","35.10","36.61","37.18","33.88","","-4.12%"
"22/11/2021","36.61","37.82","39.81","36.21","","-1.40%"
"19/11/2021","37.13","37.68","44.15","34.96","","-1.46%"
"18/11/2021","37.68","33.75","37.68","33.75","","11.64%"
"17/11/2021","33.75","34.69","35.95","33.18","","-2.71%"
"16/11/2021","34.69","36.42","39.46","34.63","","-4.75%"
"15/11/2021","36.42","40.51","40.51","36.31","","0.89%"
"12/11/2021","36.10","36.20","39.35","35.33","","-0.28%"
"11/11/2021","36.20","37.09","37.31","36.13","","-2.40%"
"10/11/2021","37.09","36.33","37.19","34.58","","2.09%"
"09/11/2021","36.33","37.71","40.13","36.33","","-3.66%"
"08/11/2021","37.71","39.27","39.47","37.67","","-0.34%"
"05/11/2021","37.84","38.56","39.27","37.35","","-1.87%"
"04/11/2021","38.56","39.44","39.44","34.42","","-2.23%"
"03/11/2021","39.44","35.56","39.52","35.56","","10.91%"
"02/11/2021","35.56","36.74","36.91","35.34","","-3.21%"
"01/11/2021","36.74","41.85","41.85","36.20","","-3.11%"
"29/10/2021","37.92","37.23","41.85","36.76","","1.85%"
"28/10/2021","37.23","37.63","39.98","36.91","","-1.06%"
"27/10/2021","37.63","35.50","38.58","34.98","","6.00%"
"26/10/2021","35.50","36.07","39.07","34.76","","-1.58%"
"25/10/2021","36.07","39.10","39.65","35.90","","-2.17%"
"22/10/2021","36.87","36.55","39.16","36.35","","0.88%"
"21/10/2021","36.55","35.16","36.99","34.01","","3.95%"
"20/10/2021","35.16","35.14","37.29","33.22","","0.06%"
"19/10/2021","35.14","35.02","40.77","34.42","","0.34%"
"18/10/2021","35.02","40.61","41.04","34.58","","2.85%"
"15/10/2021","34.05","36.98","38.45","33.69","","-7.92%"
"14/10/2021","36.98","36.05","40.98","34.27","","2.58%"
"13/10/2021","36.05","37.10","39.27","34.16","","-2.83%"
"12/10/2021","37.10","38.51","39.69","36.92","","-3.66%"
"11/10/2021","38.51","40.80","45.82","38.09","","1.34%"
"08/10/2021","38.00","46.15","46.15","37.80","","-17.66%"
"07/10/2021","46.15","41.02","49.79","38.64","","12.51%"
"06/10/2021","41.02","37.20","42.32","35.99","","10.27%"
"05/10/2021","37.20","37.27","40.09","37.03","","-0.19%"
"04/10/2021","37.27","39.60","43.13","34.59","","-0.29%"
"01/10/2021","37.38","38.68","41.88","33.39","","-3.36%"
"30/09/2021","38.68","35.26","42.01","31.91","","9.70%"
"29/09/2021","35.26","36.10","38.12","33.29","","-2.33%"
"28/09/2021","36.10","34.98","39.55","34.98","","3.20%"
"27/09/2021","34.98","34.66","35.08","34.10","","2.85%"
"24/09/2021","34.01","32.30","34.59","31.82","","5.29%"
"23/09/2021","32.30","32.43","37.26","32.06","","-0.40%"
"22/09/2021","32.43","34.45","39.31","31.96","","-5.86%"
"21/09/2021","34.45","35.23","38.35","33.84","","-2.21%"
"20/09/2021","35.23","39.39","39.39","34.37","","9.00%"
"17/09/2021","32.32","33.16","34.80","31.48","","-2.53%"
"16/09/2021","33.16","32.38","34.95","31.45","","2.41%"
"15/09/2021","32.38","33.63","36.20","32.04","","-3.72%"
"14/09/2021","33.63","32.74","35.57","32.66","","2.72%"
"13/09/2021","32.74","33.63","35.87","31.83","","-2.39%"
"10/09/2021","33.54","33.87","36.79","32.69","","-0.97%"
"09/09/2021","33.87","34.09","38.25","32.90","","6.14%"
"08/09/2021","31.91","32.91","36.29","30.79","","-3.04%"
"07/09/2021","32.91","33.94","38.92","32.71","","-10.84%"
"03/09/2021","36.91","32.28","36.91","31.12","","17.74%"
"02/09/2021","31.35","36.13","36.13","31.01","","-13.23%"
"01/09/2021","36.13","34.28","36.32","32.55","","5.40%"
"31/08/2021","34.28","35.27","40.75","34.27","","-2.81%"
"30/08/2021","35.27","35.17","39.24","31.72","","0.97%"
"27/08/2021","34.93","36.33","40.35","33.88","","-3.85%"
"26/08/2021","36.33","35.60","38.20","33.23","","2.05%"
"25/08/2021","35.60","36.79","37.02","34.64","","-3.23%"
"24/08/2021","36.79","38.67","38.67","34.68","","-4.86%"
"23/08/2021","38.67","40.94","41.09","37.91","","-4.92%"
"20/08/2021","40.67","40.98","41.91","38.64","","-0.76%"
"19/08/2021","40.98","41.88","43.05","38.29","","0.29%"
"18/08/2021","40.86","39.50","43.68","36.80","","3.44%"
"17/08/2021","39.50","37.99","42.00","36.46","","1.70%"
"16/08/2021","38.84","37.59","42.50","36.67","","8.16%"
"13/08/2021","35.91","37.02","37.99","33.00","","-1.62%"
"12/08/2021","36.50","38.32","38.57","33.91","","-4.75%"
"11/08/2021","38.32","39.28","40.89","35.33","","-2.44%"
"10/08/2021","39.28","41.97","42.82","36.92","","-9.24%"
"09/08/2021","43.28","42.24","45.29","40.22","","10.10%"
"06/08/2021","39.31","39.09","43.63","37.69","","0.56%"
"05/08/2021","39.09","42.27","42.27","37.05","","-7.52%"
"04/08/2021","42.27","37.55","44.54","34.42","","12.57%"
"03/08/2021","37.55","36.23","47.27","36.23","","3.64%"
"02/08/2021","36.23","33.94","40.01","33.94","","10.29%"
"30/07/2021","32.85","33.36","34.78","31.00","","-1.53%"
"29/07/2021","33.36","34.66","35.95","30.07","","-3.64%"
"28/07/2021","34.62","37.38","39.46","30.66","","-1.48%"
"27/07/2021","35.14","35.88","36.37","35.07","","-1.26%"
"26/07/2021","35.59","35.93","36.63","32.79","","4.52%"
"23/07/2021","34.05","35.16","37.29","32.28","","-6.56%"
"22/07/2021","36.44","42.91","42.91","36.44","","-15.08%"
"21/07/2021","42.91","40.69","47.91","36.31","","-17.89%"
"20/07/2021","52.26","49.77","53.31","38.73","","12.73%"
"19/07/2021","46.36","37.11","71.52","37.11","","24.79%"
"16/07/2021","37.15","34.78","42.83","34.78","","-2.34%"
"15/07/2021","38.04","38.20","40.23","34.33","","-0.42%"
"14/07/2021","38.20","35.12","39.10","30.07","","7.91%"
"13/07/2021","35.40","35.86","38.35","33.78","","-8.60%"
"12/07/2021","38.73","38.89","41.03","35.57","","4.62%"
"09/07/2021","37.02","40.41","40.41","34.56","","-4.59%"
"08/07/2021","38.80","42.01","43.37","38.58","","-7.64%"
"07/07/2021","42.01","37.59","48.50","37.59","","11.76%"
"06/07/2021","37.59","36.69","40.23","35.14","","14.36%"
"02/07/2021","32.87","33.19","39.25","29.82","","1.23%"
"01/07/2021","32.47","30.50","39.00","26.54","","-0.82%"
"30/06/2021","32.74","31.99","33.49","27.56","","2.34%"
"29/06/2021","31.99","31.86","34.11","31.84","","0.41%"
"28/06/2021","31.86","32.77","33.68","30.65","","1.79%"
"25/06/2021","31.30","32.05","33.98","28.66","","-2.34%"
"24/06/2021","32.05","34.68","36.94","29.59","","-7.58%"
"23/06/2021","34.68","34.61","40.34","31.33","","1.17%"
"22/06/2021","34.28","35.51","42.96","33.59","","-2.09%"
"21/06/2021","35.01","36.99","40.25","32.78","","3.12%"
"18/06/2021","33.95","31.97","37.90","31.96","","-7.84%"
"17/06/2021","36.84","35.00","53.08","32.99","","8.90%"
"16/06/2021","33.83","33.27","38.57","29.91","","7.19%"
"15/06/2021","31.56","33.92","34.41","31.56","","-4.74%"
"14/06/2021","33.13","30.11","35.00","29.12","","1.78%"
"11/06/2021","32.55","33.03","37.16","30.99","","-1.45%"
"10/06/2021","33.03","33.19","33.19","31.23","","3.90%"
"09/06/2021","31.79","34.52","39.45","31.41","","-0.50%"
"08/06/2021","31.95","34.08","36.82","31.79","","0.79%"
"07/06/2021","31.70","33.97","34.57","31.24","","-0.19%"
"04/06/2021","31.76","33.72","34.74","31.47","","-6.29%"
"03/06/2021","33.89","32.05","36.05","32.05","","3.42%"
"02/06/2021","32.77","33.43","40.81","31.14","","-1.97%"
"01/06/2021","33.43","41.82","43.57","31.98","","-0.33%"
"28/05/2021","33.54","33.27","33.93","32.46","","-0.27%"
"27/05/2021","33.63","33.71","35.35","33.38","","-0.77%"
"26/05/2021","33.89","34.92","37.15","33.51","","-6.46%"
"25/05/2021","36.23","32.77","36.82","32.77","","1.94%"
"24/05/2021","35.54","37.38","44.10","34.01","","-9.66%"
"22/05/2021","39.34","39.34","39.34","39.34","","0.00%"
"21/05/2021","39.34","37.84","47.76","36.03","","-0.23%"
"20/05/2021","39.43","39.01","42.12","37.29","","1.57%"
"19/05/2021","38.82","39.49","50.94","38.24","","4.89%"
"18/05/2021","37.01","37.63","45.44","35.32","","1.62%"
"17/05/2021","36.42","38.63","38.63","36.11","","-0.11%"
"14/05/2021","36.46","40.88","40.88","35.59","","-3.90%"
"13/05/2021","37.94","37.37","47.13","36.69","","2.71%"
"12/05/2021","36.94","37.37","38.17","36.44","","-2.61%"
"11/05/2021","37.93","39.90","41.41","37.53","","-0.16%"
"10/05/2021","37.99","39.30","39.49","37.18","","0.96%"
"08/05/2021","37.63","37.63","37.63","37.63","","0.00%"
"07/05/2021","37.63","38.02","40.04","33.55","","-0.29%"
"06/05/2021","37.74","41.27","46.80","37.74","","-1.54%"
"05/05/2021","38.33","37.21","39.89","33.93","","3.18%"
"04/05/2021","37.15","36.93","40.14","35.40","","-7.47%"
"03/05/2021","40.15","41.15","42.92","38.30","","4.58%"
"30/04/2021","38.39","40.06","40.32","37.56","","5.55%"
"29/04/2021","36.37","36.73","42.81","36.20","","-0.14%"
"28/04/2021","36.42","54.43","54.43","34.87","","-5.25%"
"27/04/2021","38.44","47.30","47.47","38.02","","-6.77%"
"26/04/2021","41.23","52.91","52.91","35.52","","6.54%"
"23/04/2021","38.70","47.01","47.01","37.94","","-1.75%"
"22/04/2021","39.39","40.95","49.88","38.64","","-7.19%"
"21/04/2021","42.44","42.32","52.56","35.43","","18.95%"
"20/04/2021","35.68","41.00","54.91","34.97","","1.74%"
"19/04/2021","35.07","34.88","37.54","32.80","","6.95%"
"16/04/2021","32.79","34.20","44.90","31.32","","-4.12%"
"15/04/2021","34.20","34.81","35.40","31.18","","-4.20%"
"14/04/2021","35.70","35.54","37.18","32.33","","1.42%"
"13/04/2021","35.20","38.15","38.37","35.05","","-4.97%"
"12/04/2021","37.04","38.72","39.16","33.22","","-5.49%"
"09/04/2021","39.19","40.70","40.70","38.30","","-3.71%"
"08/04/2021","40.70","41.83","43.03","40.40","","-1.38%"
"07/04/2021","41.27","42.46","42.88","39.94","","-2.69%"
"06/04/2021","42.41","41.27","42.46","41.21","","0.98%"
"05/04/2021","42.00","39.27","44.98","39.25","","4.61%"
"01/04/2021","40.15","43.85","45.81","40.03","","-12.05%"
"31/03/2021","45.65","42.78","45.65","41.32","","10.11%"
"30/03/2021","41.46","44.16","44.16","41.10","","-6.11%"
"29/03/2021","44.16","44.33","50.43","41.68","","-1.71%"
"26/03/2021","44.93","43.99","46.68","43.99","","-9.92%"
"25/03/2021","49.88","45.74","54.40","45.74","","-23.16%"
"24/03/2021","64.91","45.92","64.91","38.59","","33.50%"
"23/03/2021","48.62","40.28","49.99","40.28","","20.71%"
"22/03/2021","40.28","39.52","41.07","38.95","","-9.24%"
"19/03/2021","44.38","46.31","48.22","41.99","","-8.38%"
"18/03/2021","48.44","36.69","52.83","36.67","","29.52%"
"17/03/2021","37.40","39.08","39.10","36.91","","-4.35%"
"16/03/2021","39.10","39.68","43.15","37.96","","-0.71%"
"15/03/2021","39.38","39.30","43.61","38.47","","4.99%"
"12/03/2021","37.51","37.83","39.07","36.91","","-0.92%"
"11/03/2021","37.86","36.19","37.88","36.16","","0.80%"
"10/03/2021","37.56","37.59","38.06","36.50","","-1.08%"
"09/03/2021","37.97","37.55","38.24","37.11","","-2.37%"
"08/03/2021","38.89","37.73","39.73","37.53","","6.23%"
"05/03/2021","36.61","38.66","38.80","32.78","","-1.77%"
"04/03/2021","37.27","37.35","40.41","30.19","","-6.43%"
"03/03/2021","39.83","38.40","42.02","38.29","","-2.76%"
"02/03/2021","40.96","40.44","41.86","38.98","","-3.76%"
"01/03/2021","42.56","42.36","47.35","41.51","","0.16%"
"26/02/2021","42.49","41.63","42.70","40.40","","4.71%"
"25/02/2021","40.58","38.36","41.47","37.27","","2.53%"
"24/02/2021","39.58","37.61","40.68","36.90","","-0.43%"
"23/02/2021","39.75","40.39","41.80","37.35","","3.06%"
"22/02/2021","38.57","37.64","38.57","36.20","","2.15%"
"19/02/2021","37.76","36.48","40.21","36.48","","-0.37%"
"18/02/2021","37.90","36.82","39.30","36.82","","2.71%"
"17/02/2021","36.90","35.04","37.83","34.85","","5.04%"
"16/02/2021","35.13","34.77","36.45","33.75","","2.57%"
"12/02/2021","34.25","33.39","34.81","32.79","","-0.23%"
"11/02/2021","34.33","32.29","34.96","32.21","","1.66%"
"10/02/2021","33.77","32.62","34.05","32.24","","0.69%"
"09/02/2021","33.54","34.14","34.49","33.01","","-2.73%"
"08/02/2021","34.48","34.36","35.15","33.52","","-1.32%"
"05/02/2021","34.94","34.80","35.40","33.79","","-1.22%"
"04/02/2021","35.37","35.39","37.02","34.64","","-4.69%"
"03/02/2021","37.11","36.69","38.28","35.39","","-3.91%"
"02/02/2021","38.62","39.00","40.43","37.63","","-1.38%"
"01/02/2021","39.16","45.87","45.87","39.12","","-2.59%"
"29/01/2021","40.20","40.13","41.43","39.07","","-0.62%"
"28/01/2021","40.45","38.06","46.55","37.57","","0.60%"
"27/01/2021","40.21","37.20","40.51","37.11","","8.30%"
"26/01/2021","37.13","36.18","39.24","35.90","","-2.34%"
"25/01/2021","38.02","37.19","38.23","36.80","","4.88%"
"22/01/2021","36.25","33.00","38.09","33.00","","3.42%"
"21/01/2021","35.05","31.52","36.36","31.17","","-1.74%"
"20/01/2021","35.67","32.85","37.03","32.85","","0.85%"
"19/01/2021","35.37","32.64","38.08","32.64","","-12.43%"
"15/01/2021","40.39","34.45","41.81","34.45","","6.43%"
"14/01/2021","37.95","34.29","40.44","34.29","","3.15%"
"13/01/2021","36.79","35.14","38.82","33.69","","8.69%"
"12/01/2021","33.85","32.01","36.71","32.01","","-4.13%"
"11/01/2021","35.31","35.31","38.91","34.76","","-3.66%"
"08/01/2021","36.65","36.76","38.10","34.67","","1.64%"
"07/01/2021","36.06","38.13","38.13","35.40","","-8.27%"
"06/01/2021","39.31","41.28","41.28","36.72","","-2.67%"
"05/01/2021","40.39","41.83","41.88","36.21","","-4.11%"
"04/01/2021","42.12","41.03","43.51","40.35","","11.34%"
"31/12/2020","37.83","37.86","38.66","37.57","","-0.47%"
"30/12/2020","38.01","38.39","38.47","37.46","","-1.63%"
"29/12/2020","38.64","38.71","40.30","38.63","","-2.60%"
"28/12/2020","39.67","40.73","42.92","39.40","","0.66%"
"24/12/2020","39.41","39.62","40.66","39.21","","-1.20%"
"23/12/2020","39.89","39.86","43.16","39.25","","-5.16%"
"22/12/2020","42.06","41.88","43.54","40.32","","1.20%"
"21/12/2020","41.56","43.71","44.77","40.97","","11.87%"
"18/12/2020","37.15","35.07","37.90","35.06","","0.79%"
"17/12/2020","36.86","36.76","39.09","36.21","","-4.71%"
"16/12/2020","38.68","37.45","40.83","37.42","","-1.68%"
"15/12/2020","39.34","39.13","41.25","38.32","","-1.55%"
"14/12/2020","39.96","39.81","41.46","36.88","","1.14%"
"11/12/2020","39.51","39.65","40.10","38.62","","-0.48%"
"10/12/2020","39.70","36.54","39.70","35.77","","0.46%"
"09/12/2020","39.52","36.79","40.95","36.06","","4.83%"
"08/12/2020","37.70","37.08","38.83","36.34","","0.05%"
"07/12/2020","37.68","38.26","39.06","37.18","","-1.72%"
"04/12/2020","38.34","38.71","39.45","37.13","","-6.37%"
"03/12/2020","40.95","43.51","44.17","37.84","","-10.35%"
"02/12/2020","45.68","46.59","47.29","44.47","","-4.46%"
"01/12/2020","47.81","46.74","48.43","45.91","","0.93%"
"30/11/2020","47.37","46.61","48.38","41.05","","2.51%"
"27/11/2020","46.21","44.95","46.68","44.39","","6.08%"
"25/11/2020","43.56","41.88","43.59","41.23","","1.68%"
"24/11/2020","42.84","41.19","43.34","40.97","","0.12%"
"23/11/2020","42.79","43.10","43.13","41.20","","-2.62%"
"20/11/2020","43.94","46.06","46.15","43.45","","-5.18%"
"19/11/2020","46.34","47.14","48.39","45.13","","0.61%"
"18/11/2020","46.06","49.28","49.28","43.24","","2.17%"
"17/11/2020","45.08","47.62","49.55","44.67","","-3.86%"
"16/11/2020","46.89","46.99","47.54","44.58","","-2.80%"
"13/11/2020","48.24","51.18","51.18","47.99","","-5.23%"
"12/11/2020","50.90","50.47","51.42","46.48","","3.37%"
"11/11/2020","49.24","47.55","50.01","47.32","","-0.81%"
"10/11/2020","49.64","51.75","51.75","49.13","","-4.90%"
"09/11/2020","52.20","52.90","53.31","50.50","","-6.37%"
"06/11/2020","55.75","53.69","57.66","53.69","","3.84%"
"05/11/2020","53.69","54.53","54.53","52.22","","-1.54%"
"04/11/2020","54.53","59.85","60.73","53.78","","-14.30%"
"03/11/2020","63.63","66.73","68.30","57.89","","-4.65%"
"02/11/2020","66.73","68.84","70.66","65.32","","-3.07%"
"30/10/2020","68.84","60.11","69.15","60.04","","8.61%"
"29/10/2020","63.38","59.61","66.68","59.61","","6.32%"
"28/10/2020","59.61","50.22","59.84","50.22","","18.70%"
"27/10/2020","50.22","53.05","53.05","48.84","","-5.33%"
"26/10/2020","53.05","46.32","53.48","46.32","","14.53%"
"23/10/2020","46.32","46.61","47.01","44.32","","-0.62%"
"22/10/2020","46.61","47.58","47.58","44.94","","-2.04%"
"21/10/2020","47.58","43.85","48.37","43.85","","8.51%"
"20/10/2020","43.85","43.35","44.21","42.00","","1.15%"
"19/10/2020","43.35","44.06","44.30","42.31","","-1.61%"
"16/10/2020","44.06","44.84","48.79","43.22","","0.52%"
"15/10/2020","43.83","45.59","46.02","43.39","","0.69%"
"14/10/2020","43.53","46.07","46.07","41.71","","-5.51%"
"13/10/2020","46.07","44.04","46.97","42.55","","4.61%"
"12/10/2020","44.04","42.38","45.56","41.69","","3.92%"
"09/10/2020","42.38","41.15","42.55","40.57","","2.99%"
"08/10/2020","41.15","45.50","45.50","38.63","","-9.56%"
"07/10/2020","45.50","45.85","47.26","45.46","","-2.36%"
"06/10/2020","46.60","49.44","49.44","44.64","","-5.74%"
"05/10/2020","49.44","55.51","55.51","48.97","","-10.93%"
"02/10/2020","55.51","55.34","56.19","50.42","","12.48%"
"01/10/2020","49.35","44.00","52.73","43.07","","12.16%"
"30/09/2020","44.00","46.13","46.13","42.35","","-4.62%"
"29/09/2020","46.13","40.63","49.82","38.26","","13.51%"
"28/09/2020","40.64","40.47","41.98","40.15","","-1.86%"
"25/09/2020","41.41","38.65","41.98","38.65","","-3.43%"
"24/09/2020","42.88","44.64","44.64","39.12","","-3.94%"
"23/09/2020","44.64","38.06","44.70","38.06","","8.14%"
"22/09/2020","41.28","38.75","42.63","38.67","","-3.75%"
"21/09/2020","42.89","39.07","44.75","39.07","","9.78%"
"18/09/2020","39.07","38.73","39.55","36.35","","0.88%"
"17/09/2020","38.73","41.13","41.44","36.69","","-5.84%"
"16/09/2020","41.13","45.19","45.19","40.80","","-8.98%"
"15/09/2020","45.19","45.13","46.92","44.97","","-8.54%"
"14/09/2020","49.41","50.13","50.44","48.13","","-1.44%"
"11/09/2020","50.13","52.16","52.20","45.54","","-3.89%"
"10/09/2020","52.16","46.73","52.16","45.38","","5.54%"
"09/09/2020","49.42","55.90","55.90","48.51","","-11.59%"
"08/09/2020","55.90","44.02","59.25","44.02","","26.99%"
"04/09/2020","44.02","36.05","45.19","36.05","","6.64%"
"03/09/2020","41.28","35.49","42.63","34.17","","16.31%"
"02/09/2020","35.49","31.74","36.97","31.06","","11.81%"
"01/09/2020","31.74","32.59","34.23","31.25","","-2.61%"
"31/08/2020","32.59","32.06","32.85","31.58","","1.65%"
"28/08/2020","32.06","32.06","33.46","31.35","","-4.98%"
"27/08/2020","33.74","33.79","34.45","31.87","","-0.15%"
"26/08/2020","33.79","32.81","33.79","31.66","","2.30%"
"25/08/2020","33.03","32.25","33.24","31.31","","2.42%"
"24/08/2020","32.25","33.68","33.79","32.17","","-4.25%"
"21/08/2020","33.68","32.83","35.02","32.26","","2.59%"
"20/08/2020","32.83","32.85","36.29","32.43","","-0.06%"
"19/08/2020","32.85","31.70","33.16","30.26","","3.63%"
"18/08/2020","31.70","32.43","36.80","30.53","","-2.25%"
"17/08/2020","32.43","35.10","40.78","32.18","","-7.61%"
"14/08/2020","35.10","34.87","35.30","33.12","","0.66%"
"13/08/2020","34.87","34.74","34.93","32.26","","0.37%"
"12/08/2020","34.74","37.50","37.50","31.76","","-7.36%"
"11/08/2020","37.50","35.74","37.84","33.77","","4.92%"
"10/08/2020","35.74","39.06","39.25","35.74","","-4.52%"
"07/08/2020","37.43","37.59","39.51","35.44","","-0.43%"
"06/08/2020","37.59","37.12","38.39","36.93","","1.27%"
"05/08/2020","37.12","40.10","40.50","37.00","","-7.85%"
"04/08/2020","40.28","41.56","43.18","39.89","","-3.08%"
"03/08/2020","41.56","44.43","44.43","39.17","","-6.46%"
"31/07/2020","44.43","42.08","45.36","40.31","","5.63%"
"30/07/2020","42.06","40.44","43.31","39.99","","6.27%"
"29/07/2020","39.58","41.09","44.80","36.58","","-3.67%"
"28/07/2020","41.09","41.37","41.96","40.13","","-0.68%"
"27/07/2020","41.37","42.35","43.33","41.20","","-2.31%"
"24/07/2020","42.35","43.83","44.75","42.03","","-3.38%"
"23/07/2020","43.83","41.30","44.19","40.10","","6.13%"
"22/07/2020","41.30","41.10","44.24","39.87","","0.49%"
"21/07/2020","41.10","42.59","42.59","38.60","","-3.50%"
"20/07/2020","42.59","40.22","42.70","39.53","","5.89%"
"17/07/2020","40.22","46.12","46.12","38.67","","-12.79%"
"16/07/2020","46.12","47.05","51.04","45.09","","-1.98%"
"15/07/2020","47.05","53.04","53.04","46.10","","-11.29%"
"14/07/2020","53.04","53.41","55.49","51.27","","-0.69%"
"13/07/2020","53.41","50.68","54.97","49.46","","7.44%"
"10/07/2020","49.71","53.77","55.59","48.62","","-7.55%"
"09/07/2020","53.77","48.85","54.33","48.85","","10.07%"
"08/07/2020","48.85","51.39","51.39","48.30","","-4.94%"
"07/07/2020","51.39","50.73","51.91","50.04","","1.30%"
"06/07/2020","50.73","51.29","54.08","49.64","","-1.09%"
"02/07/2020","51.29","53.43","53.43","46.62","","-4.01%"
"01/07/2020","53.43","57.66","57.66","53.33","","-7.34%"
"30/06/2020","57.66","60.04","61.16","52.33","","-3.96%"
"29/06/2020","60.04","63.69","64.23","59.95","","-5.73%"
"26/06/2020","63.69","62.69","66.13","61.19","","1.60%"
"25/06/2020","62.69","64.96","70.13","61.78","","-3.49%"
"24/06/2020","64.96","58.83","64.96","57.86","","10.42%"
"23/06/2020","58.83","56.76","59.15","53.76","","3.65%"
"22/06/2020","56.76","59.66","60.27","55.93","","-3.35%"
"19/06/2020","58.73","61.35","61.35","55.42","","-4.27%"
"18/06/2020","61.35","61.45","63.48","59.86","","-0.16%"
"17/06/2020","61.45","68.42","69.46","60.70","","-7.77%"
"16/06/2020","66.63","75.40","75.40","57.83","","-2.17%"
"15/06/2020","68.11","70.22","81.38","66.22","","-3.00%"
"12/06/2020","70.22","70.88","71.93","62.78","","0.37%"
"11/06/2020","69.96","76.84","76.84","64.60","","10.94%"
"10/06/2020","63.06","67.28","69.36","62.48","","-6.94%"
"09/06/2020","67.76","67.24","69.14","64.27","","0.77%"
"08/06/2020","67.24","64.20","71.29","63.88","","4.74%"
"05/06/2020","64.20","60.39","64.89","57.72","","-1.43%"
"04/06/2020","65.13","66.46","66.93","63.07","","-0.91%"
"03/06/2020","65.73","65.69","66.77","61.48","","1.58%"
"02/06/2020","64.71","64.38","66.30","62.29","","0.51%"
"01/06/2020","64.38","72.40","72.48","64.38","","-7.01%"
"29/05/2020","69.23","72.48","73.12","67.14","","-5.14%"
"28/05/2020","72.98","73.89","75.30","71.33","","-1.23%"
"27/05/2020","73.89","75.47","76.42","71.62","","-2.09%"
"26/05/2020","75.47","84.98","86.81","73.91","","-11.19%"
"22/05/2020","84.98","89.06","89.06","82.74","","-4.58%"
"21/05/2020","89.06","73.62","92.45","70.34","","20.97%"
"20/05/2020","73.62","73.22","77.41","69.37","","0.55%"
"19/05/2020","73.22","76.14","76.14","71.10","","-3.84%"
"18/05/2020","76.14","76.39","76.80","70.11","","-0.33%"
"15/05/2020","76.39","80.26","82.38","73.30","","-4.57%"
"14/05/2020","80.05","82.83","84.08","73.41","","-3.36%"
"13/05/2020","82.83","86.86","88.73","79.61","","-4.64%"
"12/05/2020","86.86","95.57","96.14","82.98","","-20.83%"
"11/05/2020","109.72","98.70","116.17","90.67","","11.17%"
"08/05/2020","98.70","110.62","116.47","97.50","","-10.78%"
"07/05/2020","110.62","115.39","115.70","103.40","","-4.13%"
"06/05/2020","115.39","101.85","122.17","99.03","","18.63%"
"05/05/2020","97.27","97.42","103.74","89.67","","-0.15%"
"04/05/2020","97.42","110.18","112.03","96.61","","-11.58%"
"01/05/2020","110.18","104.98","112.45","104.88","","4.95%"
"30/04/2020","104.98","97.07","107.80","93.80","","-46.33%"
"29/04/2020","195.59","198.77","198.77","195.59","","-1.60%"
"28/04/2020","198.77","185.74","326.73","144.55","","7.17%"
"27/04/2020","185.47","173.53","227.40","173.53","","6.88%"
"24/04/2020","173.53","211.00","216.23","137.18","","-17.76%"
"23/04/2020","211.00","205.71","289.43","205.64","","-10.90%"
"22/04/2020","236.80","234.66","320.31","176.72","","-27.17%"
"21/04/2020","325.15","226.13","517.19","213.59","","43.79%"
"20/04/2020","226.13","95.91","237.87","95.91","","135.77%"
"17/04/2020","95.91","115.10","121.94","90.56","","-16.67%"
"16/04/2020","115.10","129.25","129.25","105.59","","-4.39%"
"15/04/2020","120.38","113.11","142.15","98.34","","4.24%"
"14/04/2020","115.48","108.06","130.77","106.37","","0.91%"
"13/04/2020","114.44","129.88","141.63","110.15","","-11.89%"
"09/04/2020","129.88","139.33","251.24","111.80","","-8.19%"
"08/04/2020","141.46","133.63","148.15","125.01","","1.67%"
"07/04/2020","139.13","130.53","141.93","124.93","","-3.51%"
"06/04/2020","144.19","141.68","153.86","131.03","","1.77%"
"03/04/2020","141.68","148.69","152.81","134.45","","-12.89%"
"02/04/2020","162.65","165.48","189.12","113.08","","2.31%"
"01/04/2020","158.98","156.11","174.69","142.38","","-6.78%"
"31/03/2020","170.55","162.22","205.46","146.66","","-2.11%"
"30/03/2020","174.22","145.08","182.20","141.18","","-0.94%"
"27/03/2020","175.88","158.67","175.88","140.68","","17.21%"
"26/03/2020","150.06","149.78","155.43","134.28","","4.19%"
"25/03/2020","144.03","154.71","177.07","138.66","","-15.70%"
"24/03/2020","170.86","167.26","202.63","162.11","","-7.98%"
"23/03/2020","185.68","190.08","222.83","182.05","","-2.31%"
"20/03/2020","190.08","161.67","212.51","155.05","","15.86%"
"19/03/2020","164.06","157.00","178.88","147.20","","-1.64%"
"18/03/2020","166.79","135.76","312.19","135.76","","25.10%"
"17/03/2020","133.32","138.74","138.74","119.33","","3.75%"
"16/03/2020","128.50","118.29","254.79","118.29","","8.46%"
"13/03/2020","118.48","123.45","334.40","92.54","","-4.03%"
"12/03/2020","123.45","105.25","140.73","96.40","","17.29%"
"11/03/2020","105.25","92.93","139.64","92.93","","13.26%"
"10/03/2020","92.93","115.92","282.45","92.48","","-19.83%"
"09/03/2020","115.92","134.62","270.45","107.85","","78.28%"
"06/03/2020","65.02","56.04","66.41","56.04","","23.66%"
"05/03/2020","52.58","50.23","53.26","45.79","","3.93%"
"04/03/2020","50.59","50.80","52.56","43.73","","-0.41%"
"03/03/2020","50.80","48.33","69.36","45.01","","5.11%"
"02/03/2020","48.33","45.06","54.73","44.29","","-5.70%"
"28/02/2020","51.25","49.42","57.26","44.81","","3.70%"
"27/02/2020","49.42","43.40","61.98","43.40","","13.87%"
"26/02/2020","43.40","42.50","45.35","40.52","","2.12%"
"25/02/2020","42.50","39.53","44.35","38.73","","7.51%"
"24/02/2020","39.53","35.87","42.16","35.87","","10.20%"
"21/02/2020","35.87","34.99","36.85","34.87","","8.17%"
"20/02/2020","33.16","32.27","34.08","31.25","","2.76%"
"19/02/2020","32.27","33.47","33.47","31.08","","-3.59%"
"18/02/2020","33.47","35.93","36.36","33.46","","-6.85%"
"14/02/2020","35.93","35.84","35.93","35.84","","0.25%"
"13/02/2020","35.84","35.58","37.81","34.55","","0.73%"
"12/02/2020","35.58","37.52","37.52","34.72","","-5.17%"
"11/02/2020","37.52","39.01","39.01","36.91","","-3.82%"
"10/02/2020","39.01","38.18","39.03","37.50","","4.00%"
"07/02/2020","37.51","36.44","38.11","36.42","","2.94%"
"06/02/2020","36.44","37.68","38.57","36.05","","-3.80%"
"05/02/2020","37.88","39.44","57.15","36.69","","-3.96%"
"04/02/2020","39.44","41.81","41.81","38.37","","-5.67%"
"03/02/2020","41.81","40.35","42.35","39.91","","3.62%"
"31/01/2020","40.35","38.90","41.54","38.33","","7.63%"
"30/01/2020","37.49","35.73","41.20","35.73","","4.93%"
"29/01/2020","35.73","36.42","36.48","34.33","","-1.89%"
"28/01/2020","36.42","37.72","37.72","34.51","","-3.45%"
"27/01/2020","37.72","39.29","40.58","36.50","","9.18%"
"24/01/2020","34.55","31.95","35.34","31.95","","8.14%"
"23/01/2020","31.95","29.67","35.93","29.67","","4.07%"
"22/01/2020","30.70","27.66","32.98","27.10","","10.99%"
"21/01/2020","27.66","28.60","30.55","25.88","","-3.29%"
"17/01/2020","28.60","27.37","28.90","27.11","","-3.99%"
"16/01/2020","29.79","33.38","33.38","27.65","","-10.75%"
"15/01/2020","33.38","33.62","34.43","28.58","","-0.71%"
"14/01/2020","33.62","28.47","35.42","28.00","","-1.84%"
"13/01/2020","34.25","30.38","37.14","30.38","","12.74%"
"10/01/2020","30.38","33.22","33.22","29.88","","-8.55%"
"09/01/2020","33.22","33.84","33.84","32.28","","1.90%"
"08/01/2020","32.60","31.80","34.42","30.93","","2.52%"
"07/01/2020","31.80","33.06","33.06","30.60","","-1.61%"
"06/01/2020","32.32","31.92","32.96","30.52","","1.25%"
"03/01/2020","31.92","29.33","32.28","27.90","","11.03%"
"02/01/2020","28.75","28.30","29.28","28.30","","1.59%"
"31/12/2019","28.30","25.86","28.91","25.86","","9.44%"
"30/12/2019","25.86","25.16","27.51","24.96","","2.78%"
"27/12/2019","25.16","24.08","25.79","24.08","","4.49%"
"26/12/2019","24.08","25.46","26.30","24.08","","-5.42%"
"24/12/2019","25.46","25.11","25.54","24.77","","1.39%"
"23/12/2019","25.11","25.54","26.90","24.31","","-1.68%"
"20/12/2019","25.54","25.31","26.05","23.82","","2.98%"
"19/12/2019","24.80","26.77","26.77","23.16","","-7.36%"
"18/12/2019","26.77","25.69","26.94","25.69","","1.67%"
"17/12/2019","26.33","26.51","27.28","25.60","","-0.68%"
"16/12/2019","26.51","25.49","27.63","24.85","","-0.93%"
"13/12/2019","26.76","27.44","29.00","25.99","","-2.48%"
"12/12/2019","27.44","27.78","28.44","27.42","","-1.33%"
"11/12/2019","27.81","27.94","30.19","27.59","","-0.47%"
"10/12/2019","27.94","30.02","30.02","27.75","","-6.93%"
"09/12/2019","30.02","30.02","30.02","30.02","","0.00%"
"06/12/2019","30.02","30.41","30.97","27.22","","-1.28%"
"05/12/2019","30.41","30.90","31.63","29.68","","-5.59%"
"04/12/2019","32.21","31.54","32.31","31.09","","-8.10%"
"03/12/2019","35.05","34.97","36.39","34.58","","0.23%"
"02/12/2019","34.97","34.64","35.21","33.66","","-4.79%"
"29/11/2019","36.73","29.73","36.83","29.73","","19.18%"
"27/11/2019","30.82","31.25","31.25","30.40","","-1.38%"
"26/11/2019","31.25","31.31","31.49","30.54","","-2.04%"
"25/11/2019","31.90","32.38","32.38","31.42","","-1.48%"
"22/11/2019","32.38","34.14","34.14","31.22","","2.50%"
"21/11/2019","31.59","32.20","32.75","29.64","","-1.89%"
"20/11/2019","32.20","31.91","34.97","29.62","","-2.25%"
"19/11/2019","32.94","33.68","33.75","32.94","","-2.20%"
"18/11/2019","33.68","36.08","36.60","33.05","","3.89%"
"15/11/2019","32.42","33.90","33.90","30.97","","-4.48%"
"14/11/2019","33.94","35.15","36.22","31.93","","-3.44%"
"13/11/2019","35.15","34.95","35.96","33.51","","4.18%"
"12/11/2019","33.74","35.10","35.15","32.25","","-1.40%"
"11/11/2019","34.22","34.15","35.13","33.52","","8.81%"
"08/11/2019","31.45","31.45","31.45","31.45","","0.00%"
"07/11/2019","31.45","33.22","33.24","31.41","","-5.33%"
"06/11/2019","33.22","33.77","33.77","32.72","","-1.63%"
"05/11/2019","33.77","35.63","35.63","33.77","","-5.22%"
"04/11/2019","35.63","34.37","36.02","34.37","","3.67%"
"01/11/2019","34.37","33.92","35.36","33.48","","-4.10%"
"31/10/2019","35.84","34.80","36.15","34.52","","4.31%"
"30/10/2019","34.36","35.70","35.70","33.90","","-3.75%"
"29/10/2019","35.70","36.66","36.66","35.23","","0.17%"
"28/10/2019","35.64","34.64","35.83","34.27","","2.89%"
"25/10/2019","34.64","34.29","35.25","33.97","","-3.64%"
"24/10/2019","35.95","35.66","35.99","34.21","","0.81%"
"23/10/2019","35.66","37.18","37.18","35.66","","0.39%"
"22/10/2019","35.52","35.32","35.83","34.70","","-3.11%"
"21/10/2019","36.66","38.20","38.20","36.61","","0.63%"
"18/10/2019","36.43","37.18","37.32","35.73","","-3.39%"
"17/10/2019","37.71","39.47","39.47","37.71","","-4.46%"
"16/10/2019","39.47","38.42","39.61","36.81","","0.00%"
"15/10/2019","39.47","39.44","39.70","38.57","","-1.84%"
"14/10/2019","40.21","40.00","41.79","40.00","","1.41%"
"11/10/2019","39.65","39.91","40.40","39.16","","0.33%"
"10/10/2019","39.52","39.05","39.84","38.26","","4.00%"
"09/10/2019","38.00","39.05","39.05","37.96","","-3.77%"
"08/10/2019","39.49","40.97","40.97","38.09","","0.18%"
"07/10/2019","39.42","39.31","40.37","37.61","","0.28%"
"04/10/2019","39.31","40.40","40.40","37.97","","-2.70%"
"03/10/2019","40.40","39.58","41.62","38.67","","1.97%"
"02/10/2019","39.62","37.51","41.61","35.97","","1.90%"
"01/10/2019","38.88","38.08","39.36","37.34","","0.34%"
"30/09/2019","38.75","38.90","39.59","38.62","","-0.39%"
"27/09/2019","38.90","37.07","40.22","36.99","","3.68%"
"26/09/2019","37.52","37.56","38.36","37.03","","-2.22%"
"25/09/2019","38.37","38.74","41.19","35.88","","-0.96%"
"24/09/2019","38.74","36.96","39.00","36.90","","-1.97%"
"23/09/2019","39.52","39.36","44.76","38.31","","1.36%"
"20/09/2019","38.99","40.35","40.94","38.77","","-5.25%"
"19/09/2019","41.15","40.76","41.18","39.56","","1.76%"
"18/09/2019","40.44","44.89","48.84","36.29","","-9.91%"
"17/09/2019","44.89","48.58","48.58","42.82","","-7.60%"
"16/09/2019","48.58","39.37","77.17","37.63","","36.92%"
"13/09/2019","35.48","35.84","36.57","35.40","","-0.28%"
"12/09/2019","35.58","34.94","38.15","34.84","","1.83%"
"11/09/2019","34.94","32.70","35.90","32.53","","4.14%"
"10/09/2019","33.55","33.20","34.06","32.88","","0.81%"
"09/09/2019","33.28","32.70","33.55","32.70","","0.21%"
"06/09/2019","33.21","33.50","35.00","32.51","","-0.87%"
"05/09/2019","33.50","33.27","47.88","32.80","","-3.07%"
"04/09/2019","34.56","33.74","34.94","33.67","","-3.27%"
"03/09/2019","35.73","36.16","37.30","35.20","","11.10%"
"30/08/2019","32.16","31.78","35.72","30.84","","1.07%"
"29/08/2019","31.82","33.06","33.32","31.69","","-2.75%"
"28/08/2019","32.72","32.69","49.37","31.92","","-2.99%"
"27/08/2019","33.73","33.92","35.04","33.45","","-4.77%"
"26/08/2019","35.42","35.20","41.49","30.98","","0.62%"
"23/08/2019","35.20","32.39","36.26","32.39","","8.68%"
"22/08/2019","32.39","31.27","33.36","31.27","","0.00%"
"21/08/2019","32.39","31.65","44.77","31.18","","0.15%"
"20/08/2019","32.34","32.99","34.07","31.90","","-1.97%"
"19/08/2019","32.99","35.02","35.02","32.68","","-5.80%"
"16/08/2019","35.02","35.70","36.83","34.18","","-3.26%"
"15/08/2019","36.20","37.59","38.13","36.01","","1.03%"
"14/08/2019","35.83","34.62","39.25","34.62","","7.95%"
"13/08/2019","33.19","34.43","35.06","32.24","","-3.60%"
"12/08/2019","34.43","35.14","35.52","32.87","","-2.02%"
"09/08/2019","35.14","35.99","35.99","34.31","","-2.33%"
"08/08/2019","35.98","38.10","38.18","35.79","","-5.56%"
"07/08/2019","38.10","36.43","40.81","36.43","","4.58%"
"06/08/2019","36.43","37.04","37.04","34.75","","-1.65%"
"05/08/2019","37.04","38.08","39.26","36.62","","4.16%"
"02/08/2019","35.56","33.87","38.32","33.79","","-2.39%"
"01/08/2019","36.43","30.24","38.64","30.24","","18.39%"
"31/07/2019","30.77","29.12","30.86","29.12","","2.33%"
"30/07/2019","30.07","31.00","31.28","29.88","","-4.93%"
"29/07/2019","31.63","30.71","32.87","30.71","","-2.04%"
"26/07/2019","32.29","31.95","33.05","31.57","","1.06%"
"25/07/2019","31.95","31.85","32.50","31.69","","-2.77%"
"24/07/2019","32.86","32.25","33.60","29.52","","1.89%"
"23/07/2019","32.25","32.34","33.55","32.17","","-4.10%"
"22/07/2019","33.63","33.88","34.87","32.54","","-3.47%"
"19/07/2019","34.84","32.04","34.93","32.04","","5.35%"
"18/07/2019","33.07","31.39","35.36","31.39","","-5.35%"
"17/07/2019","34.94","32.88","35.01","29.16","","8.98%"
"16/07/2019","32.06","29.40","33.65","29.40","","3.99%"
"15/07/2019","30.83","29.48","31.63","29.48","","1.45%"
"12/07/2019","30.39","29.86","30.68","29.38","","1.77%"
"11/07/2019","29.86","29.37","30.38","29.37","","-2.93%"
"10/07/2019","30.76","29.32","42.54","29.08","","1.52%"
"09/07/2019","30.30","30.71","31.31","30.14","","-10.88%"
"08/07/2019","34.00","35.56","35.87","33.89","","-2.02%"
"05/07/2019","34.70","36.72","37.51","34.54","","-5.50%"
"03/07/2019","36.72","36.82","38.31","35.93","","-2.78%"
"02/07/2019","37.77","35.11","38.63","34.63","","5.15%"
"01/07/2019","35.92","42.85","42.85","33.64","","-8.97%"
"28/06/2019","39.46","37.84","39.72","36.91","","4.28%"
"27/06/2019","37.84","38.75","38.75","36.93","","-1.59%"
"26/06/2019","38.45","38.49","39.71","38.06","","-4.50%"
"25/06/2019","40.26","41.00","41.00","39.17","","-1.80%"
"24/06/2019","41.00","41.89","42.79","40.87","","-2.68%"
"21/06/2019","42.13","40.93","43.31","40.93","","1.13%"
"20/06/2019","41.66","39.90","43.33","39.53","","2.13%"
"19/06/2019","40.79","43.47","43.91","40.27","","-6.08%"
"18/06/2019","43.43","43.73","44.13","42.70","","-5.89%"
"17/06/2019","46.15","42.89","60.42","42.89","","7.60%"
"14/06/2019","42.89","41.37","42.89","41.37","","3.20%"
"13/06/2019","41.56","40.35","41.77","39.68","","-3.48%"
"12/06/2019","43.06","39.99","44.42","39.68","","11.29%"
"11/06/2019","38.69","37.55","39.13","37.53","","-1.10%"
"10/06/2019","39.12","38.75","39.74","38.19","","0.95%"
"07/06/2019","38.75","40.17","40.62","38.71","","-4.70%"
"06/06/2019","40.66","45.19","45.19","40.52","","-10.02%"
"05/06/2019","45.19","44.10","0.00","43.41","","3.98%"
"04/06/2019","43.46","44.30","46.49","43.42","","-7.10%"
"03/06/2019","46.78","45.29","47.00","43.88","","-0.28%"
"31/05/2019","46.91","41.18","47.49","41.18","","18.40%"
"30/05/2019","39.62","35.26","39.84","35.10","","8.76%"
"29/05/2019","36.43","34.74","37.97","34.74","","6.02%"
"28/05/2019","34.36","33.72","34.46","33.08","","3.53%"
"24/05/2019","33.19","31.93","34.32","31.76","","-1.78%"
"23/05/2019","33.79","30.92","37.17","30.92","","19.87%"
"22/05/2019","28.19","26.41","28.41","25.63","","4.68%"
"21/05/2019","26.93","26.43","27.73","26.43","","-2.53%"
"20/05/2019","27.63","27.74","28.38","26.96","","-6.15%"
"17/05/2019","29.44","28.43","29.92","27.71","","0.07%"
"16/05/2019","29.42","29.83","30.90","29.26","","0.55%"
"15/05/2019","29.26","32.18","33.37","29.04","","-8.93%"
"14/05/2019","32.13","33.49","33.49","31.40","","-7.14%"
"13/05/2019","34.60","35.01","35.55","31.87","","5.49%"
"10/05/2019","32.80","32.87","33.06","32.14","","0.99%"
"09/05/2019","32.48","32.99","45.35","32.18","","0.78%"
"08/05/2019","32.23","34.07","34.60","30.11","","-5.40%"
"07/05/2019","34.07","32.79","34.34","32.55","","10.22%"
"06/05/2019","30.91","29.88","32.14","29.88","","3.45%"
"03/05/2019","29.88","30.49","30.49","28.42","","-2.00%"
"02/05/2019","30.49","33.25","33.66","30.44","","3.67%"
"01/05/2019","29.41","28.08","39.44","28.08","","0.34%"